ranks,walltime_s
1,0.001620
2,0.000835
4,0.000438
8,0.005376
16,0.000742
