threads,time
1,0.043997
2,0.021387
4,0.040121
8,0.030166

