ranks,walltime_s
1,0.001604
2,0.001747
4,0.001704
8,0.013045
16,0.008076
